{ "_id" : "Female", "avgHeight" : 166.81260913705583, "avgWeight" : 70.11331573604062 }
{ "_id" : "Male", "avgHeight" : 166.73737330910558, "avgWeight" : 70.0117827579245 }